year,total_dead_money,avg_dead_money,player_count
2015,165.69,6.90375,24
2016,91.98,9.198,10
2017,208.65,9.071739130434782,23
2018,134.5,7.911764705882353,17
2019,96.82,7.447692307692307,13
2020,183.77,8.75095238095238,21
2021,125.32000000000001,10.443333333333333,12
2022,136.17,6.189545454545454,22
2023,102.25,5.1125,20
2024,93.27,4.908947368421052,19
